<?xml version="1.0" encoding="UTF-8"?>
<configuration>
    <contextListener class="ch.qos.logback.classic.jul.LevelChangePropagator"/>

    <property name="default.pattern" value="%date{yyyy-MM-dd HH:mm:ss} %-5level [%.15thread] %logger{26} - %msg%n"/>
    <appender name="STDOUT" class="ch.qos.logback.core.ConsoleAppender">
        <target>System.out</target>
        <encoder>
            <pattern>${logback.pattern:-${default.pattern}}</pattern>
        </encoder>
    </appender>

    <logger name="io.netty" level="INFO"/>
    <logger name="io.swagger" level="INFO"/>
    <logger name="org.asynchttpclient" level="INFO"/>

    <logger name="sun.rmi" level="INFO"/>
    <logger name="javax.management" level="INFO"/>

    <root level="INFO">
        <appender-ref ref="STDOUT" />
    </root>
</configuration>
